{
  "loadedQueryMax" : 72,
  "loadedEventMax" : 113,
  "listOfEvents" : [
    705067719.83387196,
    698770140,
    694536540,
    693067740,
    692376540,
    690821340,
    690302942.16784298,
    686420520,
    685902120,
    685038120,
    682359720,
    680286120,
    677953320,
    675966120,
    675706920,
    675447720,
    674324520,
    673806120,
    668798520,
    659121720,
    651860520,
    650132520,
    649700520,
    648318120,
    645294120,
    642183720,
    641578920,
    641319720,
    635016120,
    631300920,
    630782520,
    629572920,
    624471720,
    624298920,
    622138920,
    621706920,
    620929320,
    619633320,
    618769320,
    618596520,
    615399720
  ],
  "lastEventDateModel" : 705067719.83387196,
  "lastQueryDateModel" : 705067735.75421798
}